{
  "losses": [
    -10.369938850402832,
    -11.17702865600586,
    -10.582413673400879,
    -10.320894241333008,
    -10.380476951599121,
    -10.795645713806152,
    -10.661958694458008,
    -10.402685165405273,
    -10.658585548400879,
    -10.870744705200195,
    -10.429095268249512,
    -11.380834579467773,
    -11.298957824707031,
    -10.956801414489746,
    -11.384047508239746,
    -10.92359733581543,
    -10.233263969421387,
    -10.093246459960938,
    -9.740673065185547,
    -10.855894088745117,
    -9.511819839477539,
    -10.704952239990234,
    -10.085919380187988,
    -9.701057434082031,
    -11.473331451416016,
    -10.932441711425781,
    -10.00672435760498,
    -10.603984832763672,
    -11.53573226928711,
    -12.115874290466309,
    -11.195646286010742,
    -10.626531600952148,
    -12.363802909851074,
    -12.295867919921875,
    -13.431561470031738,
    -14.416090965270996,
    -12.666775703430176,
    -10.991558074951172,
    -13.21570110321045,
    -12.978050231933594,
    -11.050519943237305
  ],
  "rewards": [
    -14.951257137405793,
    -16.11464042489728,
    -15.252171010536433,
    -14.87169064358912,
    -14.941635074218121,
    -15.548891321695905,
    -15.3322513048868,
    -14.973409644340459,
    -15.361070705703957,
    -15.660123031040008,
    -14.967437998517912,
    -16.258286687930404,
    -16.211534795291286,
    -15.542224334092445,
    -16.17241018502092,
    -15.348932522426066,
    -14.203952220466709,
    -13.976530170717389,
    -13.354986200931505,
    -14.727993284524585,
    -12.69816172989338,
    -14.34059951560407,
    -13.830147973132036,
    -12.990552130816505,
    -14.743707485220082,
    -13.91892722621588,
    -12.499663699212872,
    -14.6493005621448,
    -15.049363400289085,
    -14.83542809344267,
    -15.053226260682049,
    -14.010386961250012,
    -13.745508868541634,
    -14.509262044477907,
    -15.870822978484245,
    -16.24726831515853,
    -15.099320207988496,
    -12.555756133742797,
    -14.207416271237513,
    -13.050517778299174,
    -12.411643323324954
  ],
  "avg_weights_slam": [],
  "avg_weights_gps": []
}